dataset,split,class_id,count
DeepPCB,test,1,191
DeepPCB,test,2,170
DeepPCB,test,3,194
DeepPCB,test,4,153
DeepPCB,test,5,140
DeepPCB,test,6,136
DeepPCB,train,1,60
DeepPCB,train,2,44
DeepPCB,train,3,85
DeepPCB,train,4,64
DeepPCB,train,5,65
DeepPCB,train,6,67
DeepPCB,valid,1,189
DeepPCB,valid,2,167
DeepPCB,valid,3,189
DeepPCB,valid,4,165
DeepPCB,valid,5,148
DeepPCB,valid,6,147
PKU,test,0,61
PKU,test,1,37
PKU,test,2,24
PKU,test,3,27
PKU,test,4,10
PKU,train,0,150
PKU,train,1,173
PKU,train,2,233
PKU,train,3,256
PKU,train,4,210
PKU,train,5,213
PKU,valid,0,86
PKU,valid,1,103
PKU,valid,2,92
PKU,valid,3,98
PKU,valid,4,134
PKU,valid,5,88
