dataset,split,image,defect_count,class_ids,class_names
DeepPCB,test,01_PCB__101.jpg,9,"1, 2, 3, 5, 6","open, short, mousebite, pin-hole, copper"
DeepPCB,test,01_PCB__1019.jpg,7,"1, 2, 3, 4, 6","open, short, mousebite, spur, pin-hole"
DeepPCB,test,01_PCB__1044.jpg,10,"1, 2, 3, 4, 5, 6","open, short, mousebite, spur, pin-hole, copper"
DeepPCB,test,01_PCB__1047.jpg,7,"1, 2, 3, 4, 5, 6","open, short, mousebite, spur, copper, pin-hole"
DeepPCB,test,01_PCB__1053.jpg,6,"1, 3, 4, 5, 6","open, mousebite, spur, copper, pin-hole"
DeepPCB,test,01_PCB__1057.jpg,6,"1, 2, 3, 5, 6","open, short, mousebite, copper, pin-hole"
DeepPCB,test,01_PCB__1078.jpg,7,"1, 2, 3, 4, 5, 6","open, short, mousebite, spur, copper, pin-hole"
DeepPCB,test,01_PCB__1082.jpg,7,"1, 2, 3, 5, 6","open, short, mousebite, copper, pin-hole"
DeepPCB,test,01_PCB__1085.jpg,7,"1, 2, 3, 4, 5, 6","open, short, mousebite, spur, copper, pin-hole"
DeepPCB,test,01_PCB__1100.jpg,9,"1, 2, 3, 4, 5, 6","open, short, mousebite, spur, copper, pin-hole"
DeepPCB,test,01_PCB__1115.jpg,9,"1, 2, 3, 4, 5, 6","open, short, mousebite, spur, copper, pin-hole"
DeepPCB,test,01_PCB__112.jpg,8,"1, 2, 3, 4, 5, 6","open, short, copper, pin-hole, spur, mousebite"
DeepPCB,test,01_PCB__1126.jpg,5,"1, 2, 3, 5, 6","open, short, mousebite, copper, pin-hole"
DeepPCB,test,01_PCB__113.jpg,8,"1, 2, 3, 4, 5, 6","open, short, mousebite, copper, pin-hole, spur"
DeepPCB,test,01_PCB__1143.jpg,5,"1, 2, 3, 4, 6","open, short, mousebite, spur, pin-hole"
DeepPCB,test,01_PCB__1145.jpg,6,"1, 2, 3, 4, 5, 6","open, short, mousebite, copper, pin-hole, spur"
DeepPCB,test,01_PCB__1159.jpg,6,"1, 2, 3, 5, 6","open, short, mousebite, copper, pin-hole"
DeepPCB,test,01_PCB__1166.jpg,5,"1, 3, 5, 6","open, mousebite, copper, pin-hole"
DeepPCB,test,01_PCB__1169.jpg,7,"1, 2, 3, 5, 6","open, short, mousebite, pin-hole, copper"
DeepPCB,test,01_PCB__1170.jpg,7,"1, 2, 3, 4, 5, 6","open, short, spur, pin-hole, copper, mousebite"
DeepPCB,test,01_PCB__1177.jpg,5,"1, 2, 3, 5, 6","open, short, mousebite, pin-hole, copper"
DeepPCB,test,01_PCB__1184.jpg,4,"1, 2, 3, 4","open, short, mousebite, spur"
DeepPCB,test,01_PCB__1187.jpg,5,"1, 2, 3, 4, 6","open, short, mousebite, spur, pin-hole"
DeepPCB,test,01_PCB__120.jpg,7,"1, 2, 3, 4","open, short, spur, mousebite"
DeepPCB,test,01_PCB__1203.jpg,7,"2, 3, 4, 5, 6","short, spur, pin-hole, copper, mousebite"
DeepPCB,test,01_PCB__1209.jpg,8,"2, 3, 4, 5, 6","pin-hole, copper, spur, mousebite, short"
DeepPCB,test,01_PCB__1228.jpg,7,"1, 2, 3, 4, 5, 6","open, short, mousebite, pin-hole, copper, spur"
DeepPCB,test,01_PCB__1253.jpg,1,5,copper
DeepPCB,test,01_PCB__1255.jpg,5,"1, 2, 3, 4, 6","open, short, mousebite, spur, pin-hole"
DeepPCB,test,01_PCB__1261.jpg,2,"1, 2","open, short"
DeepPCB,test,01_PCB__1280.jpg,2,"2, 5","short, copper"
DeepPCB,test,01_PCB__1285.jpg,5,"1, 3, 4, 5, 6","open, pin-hole, copper, mousebite, spur"
DeepPCB,test,01_PCB__1292.jpg,7,"2, 3, 5, 6","mousebite, pin-hole, copper, short"
DeepPCB,test,01_PCB__1293.jpg,5,"1, 3, 4, 5, 6","open, mousebite, pin-hole, copper, spur"
DeepPCB,test,01_PCB__1299.jpg,5,"1, 2, 3, 5, 6","open, short, mousebite, pin-hole, copper"
DeepPCB,test,01_PCB__13.jpg,5,"1, 2, 3, 5","open, short, mousebite, copper"
DeepPCB,test,01_PCB__1313.jpg,6,"1, 3, 4, 5, 6","open, spur, mousebite, copper, pin-hole"
DeepPCB,test,01_PCB__1352.jpg,6,"1, 2, 4, 6","open, short, spur, pin-hole"
DeepPCB,test,01_PCB__1365.jpg,6,"1, 2, 3, 5, 6","open, mousebite, copper, pin-hole, short"
DeepPCB,test,01_PCB__1385.jpg,8,"1, 2, 4, 5, 6","open, short, spur, pin-hole, copper"
DeepPCB,test,01_PCB__1388.jpg,6,"1, 2, 3, 5, 6","open, short, mousebite, pin-hole, copper"
DeepPCB,test,01_PCB__1390.jpg,5,"1, 2, 5, 6","open, short, copper, pin-hole"
DeepPCB,test,01_PCB__1395.jpg,5,"1, 2, 3, 4","open, short, mousebite, spur"
DeepPCB,test,01_PCB__1400.jpg,4,"1, 2, 3, 6","open, short, mousebite, pin-hole"
DeepPCB,test,01_PCB__1402.jpg,5,"1, 3, 4, 5, 6","open, spur, pin-hole, mousebite, copper"
DeepPCB,test,01_PCB__1404.jpg,6,"2, 3, 4, 5, 6","short, spur, mousebite, copper, pin-hole"
DeepPCB,test,01_PCB__141.jpg,8,"1, 2, 3, 4, 5, 6","open, short, mousebite, spur, pin-hole, copper"
DeepPCB,test,01_PCB__1418.jpg,5,"1, 2, 4, 6","open, short, spur, pin-hole"
DeepPCB,test,01_PCB__1420.jpg,4,"1, 4, 5, 6","open, spur, pin-hole, copper"
DeepPCB,test,01_PCB__1427.jpg,5,"1, 3, 5, 6","open, mousebite, pin-hole, copper"
DeepPCB,test,01_PCB__145.jpg,8,"1, 2, 4, 5, 6","open, short, copper, pin-hole, spur"
DeepPCB,test,01_PCB__1453.jpg,5,"1, 3, 5, 6","mousebite, copper, pin-hole, open"
DeepPCB,test,01_PCB__1461.jpg,5,"1, 2, 4, 5, 6","open, short, spur, copper, pin-hole"
DeepPCB,test,01_PCB__1483.jpg,5,"1, 2, 3, 4","open, short, mousebite, spur"
DeepPCB,test,01_PCB__1486.jpg,5,"1, 4, 5, 6","open, spur, copper, pin-hole"
DeepPCB,test,01_PCB__1487.jpg,4,"1, 2, 4, 6","open, short, spur, pin-hole"
DeepPCB,test,01_PCB__1490.jpg,4,"2, 3, 4, 6","short, mousebite, spur, pin-hole"
DeepPCB,test,01_PCB__1492.jpg,3,"1, 4, 6","open, spur, pin-hole"
DeepPCB,test,01_PCB__1496.jpg,7,"1, 3, 4, 5, 6","open, mousebite, copper, pin-hole, spur"
DeepPCB,test,01_PCB__155.jpg,8,"1, 2, 3, 4, 5, 6","open, short, spur, mousebite, copper, pin-hole"
DeepPCB,test,01_PCB__160.jpg,7,"1, 2, 3, 4, 5, 6","open, short, spur, pin-hole, copper, mousebite"
DeepPCB,test,01_PCB__181.jpg,9,"1, 2, 3, 4, 5, 6","open, short, mousebite, copper, pin-hole, spur"
DeepPCB,test,01_PCB__189.jpg,7,"1, 2, 3, 4, 5, 6","open, short, mousebite, spur, copper, pin-hole"
DeepPCB,test,01_PCB__228.jpg,6,"1, 2, 3, 4, 5, 6","open, short, mousebite, spur, copper, pin-hole"
DeepPCB,test,01_PCB__23.jpg,5,"1, 2, 3, 5, 6","open, short, mousebite, copper, pin-hole"
DeepPCB,test,01_PCB__246.jpg,5,"1, 2, 4, 6","open, short, pin-hole, spur"
DeepPCB,test,01_PCB__269.jpg,6,"1, 2, 4, 5","short, spur, open, copper"
DeepPCB,test,01_PCB__275.jpg,6,"1, 2, 3, 4, 5, 6","open, short, copper, pin-hole, spur, mousebite"
DeepPCB,test,01_PCB__282.jpg,6,"1, 2, 3, 4, 5, 6","open, short, mousebite, spur, pin-hole, copper"
DeepPCB,test,01_PCB__302.jpg,7,"1, 2, 3, 4, 6","open, short, mousebite, spur, pin-hole"
DeepPCB,test,01_PCB__31.jpg,10,"1, 2, 3, 4, 5, 6","open, short, mousebite, spur, pin-hole, copper"
DeepPCB,test,01_PCB__314.jpg,6,"1, 2, 3, 4, 5, 6","open, short, spur, copper, pin-hole, mousebite"
DeepPCB,test,01_PCB__315.jpg,6,"1, 3, 4, 6","open, mousebite, spur, pin-hole"
DeepPCB,test,01_PCB__320.jpg,5,"1, 2, 3, 4","open, short, mousebite, spur"
DeepPCB,test,01_PCB__330.jpg,6,"1, 4, 5, 6","open, copper, spur, pin-hole"
DeepPCB,test,01_PCB__346.jpg,8,"1, 2, 3, 4, 5, 6","open, short, mousebite, spur, pin-hole, copper"
DeepPCB,test,01_PCB__348.jpg,8,"1, 2, 3, 4, 5","open, short, mousebite, spur, copper"
DeepPCB,test,01_PCB__349.jpg,7,"1, 2, 3, 4, 5, 6","open, short, mousebite, spur, pin-hole, copper"
DeepPCB,test,01_PCB__351.jpg,6,"1, 3, 4, 5, 6","open, mousebite, copper, pin-hole, spur"
DeepPCB,test,01_PCB__358.jpg,5,"1, 2, 3, 4, 6","open, short, spur, pin-hole, mousebite"
DeepPCB,test,01_PCB__378.jpg,7,"1, 2, 3, 5, 6","open, short, pin-hole, copper, mousebite"
DeepPCB,test,01_PCB__384.jpg,5,"1, 3, 5, 6","open, mousebite, pin-hole, copper"
DeepPCB,test,01_PCB__388.jpg,5,"1, 2, 3, 5, 6","open, short, mousebite, copper, pin-hole"
DeepPCB,test,01_PCB__421.jpg,7,"1, 2, 3, 4, 5, 6","open, short, mousebite, spur, copper, pin-hole"
DeepPCB,test,01_PCB__426.jpg,6,"1, 2, 3, 5, 6","open, mousebite, copper, pin-hole, short"
DeepPCB,test,01_PCB__427.jpg,6,"1, 3, 4, 5, 6","open, mousebite, spur, pin-hole, copper"
DeepPCB,test,01_PCB__438.jpg,9,"1, 2, 3, 4, 6","open, short, mousebite, spur, pin-hole"
DeepPCB,test,01_PCB__476.jpg,6,"1, 3, 4, 6","open, mousebite, spur, pin-hole"
DeepPCB,test,01_PCB__484.jpg,10,"1, 2, 3, 4, 5, 6","open, spur, pin-hole, copper, mousebite, short"
DeepPCB,test,01_PCB__494.jpg,7,"1, 3, 4, 5, 6","open, mousebite, spur, pin-hole, copper"
DeepPCB,test,01_PCB__495.jpg,7,"3, 4, 5, 6","mousebite, spur, copper, pin-hole"
DeepPCB,test,01_PCB__50.jpg,8,"1, 2, 4, 6","open, short, spur, pin-hole"
DeepPCB,test,01_PCB__510.jpg,12,"1, 2, 3, 4, 5, 6","open, short, mousebite, copper, pin-hole, spur"
DeepPCB,test,01_PCB__558.jpg,5,"3, 4, 5, 6","mousebite, pin-hole, copper, spur"
DeepPCB,test,01_PCB__569.jpg,5,"3, 4, 5, 6","mousebite, spur, copper, pin-hole"
DeepPCB,test,01_PCB__58.jpg,7,"1, 2, 3, 4, 5, 6","open, short, mousebite, copper, pin-hole, spur"
DeepPCB,test,01_PCB__588.jpg,10,"1, 2, 3, 4, 5, 6","open, short, mousebite, copper, pin-hole, spur"
DeepPCB,test,01_PCB__623.jpg,4,"3, 4, 5, 6","mousebite, spur, copper, pin-hole"
DeepPCB,test,01_PCB__632.jpg,4,"3, 4, 5, 6","mousebite, spur, copper, pin-hole"
DeepPCB,test,01_PCB__637.jpg,5,"1, 3, 4, 5, 6","open, spur, copper, pin-hole, mousebite"
DeepPCB,test,01_PCB__638.jpg,6,"1, 3, 5, 6","open, mousebite, pin-hole, copper"
DeepPCB,test,01_PCB__641.jpg,6,"1, 3, 4, 5, 6","open, mousebite, spur, pin-hole, copper"
DeepPCB,test,01_PCB__653.jpg,8,"1, 3, 4, 5, 6","open, spur, copper, pin-hole, mousebite"
DeepPCB,test,01_PCB__666.jpg,6,"1, 3, 4, 6","pin-hole, mousebite, open, spur"
DeepPCB,test,01_PCB__669.jpg,6,"3, 4, 5, 6","mousebite, spur, pin-hole, copper"
DeepPCB,test,01_PCB__675.jpg,6,"1, 3, 4, 5, 6","open, mousebite, spur, copper, pin-hole"
DeepPCB,test,01_PCB__683.jpg,7,"1, 2, 3, 5, 6","open, short, mousebite, copper, pin-hole"
DeepPCB,test,01_PCB__694.jpg,5,"1, 2, 3, 5, 6","open, short, mousebite, copper, pin-hole"
DeepPCB,test,01_PCB__712.jpg,7,"1, 2, 3, 4, 5, 6","open, short, mousebite, spur, copper, pin-hole"
DeepPCB,test,01_PCB__724.jpg,9,"1, 2, 3, 4, 5, 6","open, short, mousebite, spur, copper, pin-hole"
DeepPCB,test,01_PCB__726.jpg,8,"1, 2, 4, 5, 6","open, short, spur, copper, pin-hole"
DeepPCB,test,01_PCB__734.jpg,7,"1, 2, 3, 4, 5, 6","open, mousebite, spur, copper, pin-hole, short"
DeepPCB,test,01_PCB__737.jpg,9,"1, 2, 3, 4, 5, 6","open, mousebite, spur, copper, pin-hole, short"
DeepPCB,test,01_PCB__747.jpg,6,"1, 2, 3, 4, 5, 6","open, short, mousebite, spur, pin-hole, copper"
DeepPCB,test,01_PCB__748.jpg,4,"1, 4","open, spur"
DeepPCB,test,01_PCB__758.jpg,7,"1, 2, 3, 4, 5, 6","open, short, mousebite, spur, pin-hole, copper"
DeepPCB,test,01_PCB__761.jpg,6,"1, 2, 3","open, short, mousebite"
DeepPCB,test,01_PCB__771.jpg,10,"1, 2, 3, 4, 5","open, mousebite, copper, spur, short"
DeepPCB,test,01_PCB__789.jpg,8,"1, 3, 4, 5, 6","open, mousebite, spur, pin-hole, copper"
DeepPCB,test,01_PCB__805.jpg,7,"1, 2, 4","open, short, spur"
DeepPCB,test,01_PCB__807.jpg,7,"1, 2, 3, 4, 5, 6","open, short, mousebite, spur, copper, pin-hole"
DeepPCB,test,01_PCB__819.jpg,8,"1, 2, 3, 5, 6","open, mousebite, copper, pin-hole, short"
DeepPCB,test,01_PCB__82.jpg,6,"1, 2, 3, 4, 5, 6","open, short, mousebite, spur, pin-hole, copper"
DeepPCB,test,01_PCB__827.jpg,9,"1, 2, 3, 4, 5","open, short, mousebite, copper, spur"
DeepPCB,test,01_PCB__828.jpg,8,"1, 2, 3, 4, 5, 6","open, short, mousebite, spur, copper, pin-hole"
DeepPCB,test,01_PCB__833.jpg,7,"1, 2, 3, 5, 6","open, short, mousebite, copper, pin-hole"
DeepPCB,test,01_PCB__843.jpg,8,"1, 2, 3, 4, 5, 6","open, short, mousebite, spur, copper, pin-hole"
DeepPCB,test,01_PCB__846.jpg,7,"1, 2, 3, 4, 6","short, mousebite, open, pin-hole, spur"
DeepPCB,test,01_PCB__857.jpg,4,"3, 5, 6","mousebite, copper, pin-hole"
DeepPCB,test,01_PCB__868.jpg,7,"1, 2, 4, 5, 6","open, spur, copper, pin-hole, short"
DeepPCB,test,01_PCB__884.jpg,9,"1, 2, 3, 4, 5","open, short, mousebite, spur, copper"
DeepPCB,test,01_PCB__896.jpg,6,"1, 2, 3, 5, 6","open, short, mousebite, copper, pin-hole"
DeepPCB,test,01_PCB__908.jpg,10,"1, 2, 3, 4, 5, 6","open, short, mousebite, spur, copper, pin-hole"
DeepPCB,test,01_PCB__910.jpg,9,"1, 2, 3, 5, 6","open, short, mousebite, copper, pin-hole"
DeepPCB,test,01_PCB__912.jpg,3,"3, 4","spur, mousebite"
DeepPCB,test,01_PCB__926.jpg,10,"1, 2, 3, 4, 5, 6","open, short, spur, copper, pin-hole, mousebite"
DeepPCB,test,01_PCB__935.jpg,9,"1, 2, 3, 4, 5, 6","open, short, mousebite, spur, copper, pin-hole"
DeepPCB,test,01_PCB__941.jpg,8,"1, 2, 3, 4, 5, 6","open, short, mousebite, spur, copper, pin-hole"
DeepPCB,test,01_PCB__96.jpg,6,"1, 2, 3, 4, 5, 6","open, short, spur, pin-hole, copper, mousebite"
DeepPCB,test,01_PCB__965.jpg,7,"2, 3, 5","mousebite, short, copper"
DeepPCB,test,01_PCB__969.jpg,8,"1, 2, 3, 4, 5","open, short, mousebite, copper, spur"
DeepPCB,test,01_PCB__970.jpg,5,"1, 2, 3, 4","open, short, mousebite, spur"
DeepPCB,test,01_PCB__98.jpg,7,"1, 2, 3, 5, 6","open, short, mousebite, pin-hole, copper"
DeepPCB,test,01_PCB__983.jpg,9,"1, 2, 3, 4, 5","open, short, mousebite, spur, copper"
DeepPCB,test,01_PCB__987.jpg,9,"1, 2, 3, 4, 5, 6","open, short, mousebite, spur, copper, pin-hole"
DeepPCB,test,01_PCB__988.jpg,7,"1, 2, 3, 4, 5","open, short, mousebite, spur, copper"
DeepPCB,test,01_PCB__990.jpg,9,"1, 2, 3, 4, 5","open, mousebite, spur, copper, short"
DeepPCB,test,01_PCB__992.jpg,9,"1, 2, 3, 4, 5, 6","open, short, spur, copper, mousebite, pin-hole"
DeepPCB,test,01_PCB__993.jpg,7,"1, 2, 3, 4","open, short, mousebite, spur"
DeepPCB,test,01_PCB__995.jpg,8,"1, 2, 3, 5","open, short, mousebite, copper"
DeepPCB,train,01_PCB__419.jpg,5,"2, 3, 5, 6","mousebite, short, copper, pin-hole"
DeepPCB,train,01_PCB__445.jpg,7,"1, 2, 3, 4, 5, 6","open, mousebite, copper, pin-hole, spur, short"
DeepPCB,train,01_PCB__448.jpg,7,"1, 2, 4, 5, 6","open, short, spur, copper, pin-hole"
DeepPCB,train,01_PCB__458.jpg,7,"1, 2, 3, 4, 5, 6","open, short, mousebite, spur, pin-hole, copper"
DeepPCB,train,01_PCB__459.jpg,5,"1, 2, 3, 4","open, mousebite, short, spur"
DeepPCB,train,01_PCB__460.jpg,5,"1, 2, 3, 4, 6","open, short, mousebite, spur, pin-hole"
DeepPCB,train,01_PCB__468.jpg,6,"1, 2, 3, 5","open, mousebite, copper, short"
DeepPCB,train,01_PCB__47.jpg,6,"1, 2, 3, 4, 5, 6","open, mousebite, short, spur, copper, pin-hole"
DeepPCB,train,01_PCB__473.jpg,7,"1, 2, 3, 4, 5, 6","open, short, mousebite, spur, copper, pin-hole"
DeepPCB,train,01_PCB__482.jpg,10,"2, 3, 4, 5, 6","short, spur, copper, pin-hole, mousebite"
DeepPCB,train,01_PCB__493.jpg,7,"1, 2, 3, 4, 6","open, mousebite, spur, pin-hole, short"
DeepPCB,train,01_PCB__496.jpg,5,"3, 4, 5","mousebite, spur, copper"
DeepPCB,train,01_PCB__503.jpg,12,"1, 2, 3, 4, 5, 6","open, short, mousebite, spur, copper, pin-hole"
DeepPCB,train,01_PCB__506.jpg,12,"1, 2, 3, 4, 5, 6","open, short, mousebite, spur, copper, pin-hole"
DeepPCB,train,01_PCB__508.jpg,12,"1, 2, 3, 4, 5, 6","open, short, mousebite, spur, copper, pin-hole"
DeepPCB,train,01_PCB__514.jpg,9,"1, 3, 4, 5, 6","open, mousebite, spur, copper, pin-hole"
DeepPCB,train,01_PCB__527.jpg,7,"1, 2, 3, 5, 6","open, short, mousebite, copper, pin-hole"
DeepPCB,train,01_PCB__528.jpg,9,"1, 2, 3, 4, 5, 6","open, short, mousebite, spur, pin-hole, copper"
DeepPCB,train,01_PCB__53.jpg,9,"1, 2, 3, 4, 5, 6","open, short, mousebite, pin-hole, copper, spur"
DeepPCB,train,01_PCB__536.jpg,8,"1, 2, 3, 4, 5, 6","open, short, mousebite, spur, copper, pin-hole"
DeepPCB,train,01_PCB__537.jpg,7,"1, 2, 3, 4, 5, 6","open, short, spur, copper, pin-hole, mousebite"
DeepPCB,train,01_PCB__538.jpg,9,"1, 2, 3, 4, 5, 6","open, short, mousebite, copper, pin-hole, spur"
DeepPCB,train,01_PCB__540.jpg,5,"3, 5, 6","mousebite, copper, pin-hole"
DeepPCB,train,01_PCB__553.jpg,6,"1, 2, 3, 5, 6","open, short, mousebite, copper, pin-hole"
DeepPCB,train,01_PCB__557.jpg,7,"1, 2, 3, 5, 6","open, short, mousebite, copper, pin-hole"
DeepPCB,train,01_PCB__559.jpg,7,"1, 2, 3, 4, 5, 6","open, short, spur, copper, pin-hole, mousebite"
DeepPCB,train,01_PCB__563.jpg,9,"1, 3, 4, 5, 6","open, copper, pin-hole, spur, mousebite"
DeepPCB,train,01_PCB__564.jpg,7,"1, 3, 4, 5, 6","open, mousebite, pin-hole, copper, spur"
DeepPCB,train,01_PCB__565.jpg,9,"1, 2, 3, 4, 5, 6","open, mousebite, copper, pin-hole, spur, short"
DeepPCB,train,01_PCB__576.jpg,5,"1, 3, 4, 5, 6","open, mousebite, spur, copper, pin-hole"
DeepPCB,train,01_PCB__579.jpg,6,"1, 3, 4, 5, 6","open, mousebite, spur, pin-hole, copper"
DeepPCB,train,01_PCB__59.jpg,6,"1, 2, 4, 5, 6","open, short, spur, copper, pin-hole"
DeepPCB,train,01_PCB__590.jpg,7,"1, 2, 3, 4, 5, 6","open, mousebite, spur, copper, pin-hole, short"
DeepPCB,train,01_PCB__598.jpg,6,"1, 2, 3, 4, 5, 6","open, short, mousebite, spur, copper, pin-hole"
DeepPCB,train,01_PCB__599.jpg,7,"1, 2, 3, 4, 5","open, short, spur, copper, mousebite"
DeepPCB,train,01_PCB__604.jpg,5,"3, 4, 5, 6","mousebite, spur, pin-hole, copper"
DeepPCB,train,01_PCB__61.jpg,8,"1, 2, 3, 4, 5, 6","open, short, spur, pin-hole, copper, mousebite"
DeepPCB,train,01_PCB__614.jpg,4,"3, 4, 5, 6","mousebite, spur, pin-hole, copper"
DeepPCB,train,01_PCB__618.jpg,7,"1, 2, 4, 5, 6","open, short, copper, pin-hole, spur"
DeepPCB,train,01_PCB__629.jpg,5,"3, 5, 6","mousebite, copper, pin-hole"
DeepPCB,train,01_PCB__630.jpg,5,"3, 4, 5, 6","mousebite, copper, pin-hole, spur"
DeepPCB,train,01_PCB__635.jpg,9,"1, 4, 5, 6","open, spur, copper, pin-hole"
DeepPCB,train,01_PCB__636.jpg,6,"1, 2, 3, 5, 6","open, short, mousebite, copper, pin-hole"
DeepPCB,train,01_PCB__640.jpg,6,"1, 3, 4, 5, 6","open, spur, mousebite, copper, pin-hole"
DeepPCB,train,01_PCB__644.jpg,5,"3, 4, 5, 6","mousebite, copper, pin-hole, spur"
DeepPCB,train,01_PCB__646.jpg,3,"3, 6","mousebite, pin-hole"
DeepPCB,train,01_PCB__650.jpg,6,"3, 4, 5, 6","mousebite, spur, pin-hole, copper"
DeepPCB,train,01_PCB__655.jpg,6,"1, 3, 5, 6","open, mousebite, pin-hole, copper"
DeepPCB,train,01_PCB__656.jpg,5,"3, 4, 5, 6","mousebite, spur, copper, pin-hole"
DeepPCB,train,01_PCB__657.jpg,5,"1, 3, 4, 5, 6","open, mousebite, spur, copper, pin-hole"
DeepPCB,train,01_PCB__670.jpg,6,"3, 4, 5, 6","mousebite, spur, pin-hole, copper"
DeepPCB,train,01_PCB__676.jpg,6,"2, 5, 6","short, copper, pin-hole"
DeepPCB,train,01_PCB__681.jpg,5,"1, 3, 4, 6","open, mousebite, spur, pin-hole"
DeepPCB,train,01_PCB__684.jpg,8,"1, 3, 4, 5, 6","open, mousebite, spur, pin-hole, copper"
DeepPCB,train,01_PCB__69.jpg,8,"1, 2, 3, 4, 5, 6","open, short, spur, copper, pin-hole, mousebite"
DeepPCB,train,01_PCB__701.jpg,9,"2, 3, 4, 5, 6","mousebite, spur, copper, pin-hole, short"
DeepPCB,valid,01_PCB__10.jpg,6,"1, 2, 3, 4, 5","open, short, mousebite, spur, copper"
DeepPCB,valid,01_PCB__1001.jpg,8,"1, 2, 3, 4, 6","open, short, mousebite, spur, pin-hole"
DeepPCB,valid,01_PCB__1003.jpg,5,"1, 2, 4","open, short, spur"
DeepPCB,valid,01_PCB__1010.jpg,7,"1, 2, 3, 4, 5","open, short, spur, copper, mousebite"
DeepPCB,valid,01_PCB__1025.jpg,9,"1, 2, 3, 4, 5, 6","open, short, mousebite, spur, copper, pin-hole"
DeepPCB,valid,01_PCB__1033.jpg,7,"1, 2, 3, 4, 5, 6","open, short, mousebite, spur, copper, pin-hole"
DeepPCB,valid,01_PCB__1037.jpg,7,"1, 2, 3, 4, 5, 6","open, short, mousebite, copper, pin-hole, spur"
DeepPCB,valid,01_PCB__1056.jpg,6,"1, 3, 4, 5, 6","open, mousebite, spur, copper, pin-hole"
DeepPCB,valid,01_PCB__1091.jpg,8,"1, 2, 3, 4, 5, 6","open, mousebite, short, spur, copper, pin-hole"
DeepPCB,valid,01_PCB__1098.jpg,10,"1, 2, 3, 4, 5, 6","open, short, mousebite, spur, copper, pin-hole"
DeepPCB,valid,01_PCB__1104.jpg,7,"1, 2, 3, 4, 5, 6","open, short, mousebite, spur, copper, pin-hole"
DeepPCB,valid,01_PCB__1105.jpg,6,"1, 2, 4, 5, 6","open, short, spur, copper, pin-hole"
DeepPCB,valid,01_PCB__1106.jpg,7,"1, 2, 3, 4, 5, 6","open, short, mousebite, spur, copper, pin-hole"
DeepPCB,valid,01_PCB__111.jpg,9,"2, 3, 4, 5, 6","mousebite, short, copper, spur, pin-hole"
DeepPCB,valid,01_PCB__1116.jpg,9,"1, 2, 3, 4, 5, 6","open, short, mousebite, spur, copper, pin-hole"
DeepPCB,valid,01_PCB__1122.jpg,6,"1, 2, 3, 4, 5, 6","open, short, pin-hole, spur, copper, mousebite"
DeepPCB,valid,01_PCB__1125.jpg,4,"1, 2, 3, 6","open, short, pin-hole, mousebite"
DeepPCB,valid,01_PCB__1129.jpg,5,"1, 3, 5, 6","open, pin-hole, mousebite, copper"
DeepPCB,valid,01_PCB__1137.jpg,5,"1, 2, 3, 5, 6","open, short, mousebite, copper, pin-hole"
DeepPCB,valid,01_PCB__1156.jpg,5,"1, 2, 4, 6","open, short, spur, pin-hole"
DeepPCB,valid,01_PCB__1172.jpg,5,"1, 2, 3, 4, 5","open, short, mousebite, spur, copper"
DeepPCB,valid,01_PCB__1179.jpg,5,"1, 2, 4, 5, 6","open, short, spur, copper, pin-hole"
DeepPCB,valid,01_PCB__118.jpg,9,"1, 3, 4, 5, 6","open, mousebite, copper, pin-hole, spur"
DeepPCB,valid,01_PCB__1194.jpg,5,"1, 2, 3, 5, 6","open, short, mousebite, copper, pin-hole"
DeepPCB,valid,01_PCB__12.jpg,6,"1, 2, 4, 5","open, short, copper, spur"
DeepPCB,valid,01_PCB__1204.jpg,6,"1, 2, 3, 5, 6","open, short, mousebite, pin-hole, copper"
DeepPCB,valid,01_PCB__1220.jpg,6,"1, 2, 3, 4, 5, 6","mousebite, copper, pin-hole, spur, short, open"
DeepPCB,valid,01_PCB__123.jpg,10,"1, 2, 4, 6","open, short, spur, pin-hole"
DeepPCB,valid,01_PCB__1234.jpg,6,"2, 3, 4, 6","short, pin-hole, spur, mousebite"
DeepPCB,valid,01_PCB__1241.jpg,7,"1, 3, 4, 5, 6","open, spur, pin-hole, mousebite, copper"
DeepPCB,valid,01_PCB__1257.jpg,3,"1, 3","open, mousebite"
DeepPCB,valid,01_PCB__1284.jpg,8,"1, 3, 4, 5, 6","open, mousebite, copper, pin-hole, spur"
DeepPCB,valid,01_PCB__129.jpg,7,"1, 2, 3, 4, 5, 6","open, short, mousebite, spur, copper, pin-hole"
DeepPCB,valid,01_PCB__1296.jpg,5,"1, 2, 4, 5, 6","open, short, spur, pin-hole, copper"
DeepPCB,valid,01_PCB__1301.jpg,4,"2, 4, 5, 6","short, spur, copper, pin-hole"
DeepPCB,valid,01_PCB__1302.jpg,5,"1, 2, 3, 5, 6","open, short, mousebite, copper, pin-hole"
DeepPCB,valid,01_PCB__1304.jpg,4,"3, 5, 6","mousebite, pin-hole, copper"
DeepPCB,valid,01_PCB__1327.jpg,6,"1, 3, 4, 5, 6","open, mousebite, copper, pin-hole, spur"
DeepPCB,valid,01_PCB__1336.jpg,6,"1, 2, 4, 6","open, short, spur, pin-hole"
DeepPCB,valid,01_PCB__1348.jpg,6,"1, 3, 4, 5, 6","open, mousebite, copper, pin-hole, spur"
DeepPCB,valid,01_PCB__1349.jpg,6,"1, 2, 3, 4, 5, 6","open, mousebite, spur, copper, pin-hole, short"
DeepPCB,valid,01_PCB__1351.jpg,8,"1, 2, 3, 4, 5, 6","open, short, spur, pin-hole, mousebite, copper"
DeepPCB,valid,01_PCB__1369.jpg,4,"1, 2, 4, 5","open, short, spur, copper"
DeepPCB,valid,01_PCB__1389.jpg,6,"1, 2, 3, 4, 5, 6","open, short, mousebite, spur, pin-hole, copper"
DeepPCB,valid,01_PCB__1392.jpg,5,"1, 3, 5, 6","open, mousebite, pin-hole, copper"
DeepPCB,valid,01_PCB__1393.jpg,6,"1, 3, 4, 5, 6","open, mousebite, spur, copper, pin-hole"
DeepPCB,valid,01_PCB__14.jpg,9,"1, 2, 3, 4, 5, 6","open, mousebite, copper, pin-hole, spur, short"
DeepPCB,valid,01_PCB__1412.jpg,6,"1, 2, 3, 4","open, short, mousebite, spur"
DeepPCB,valid,01_PCB__142.jpg,6,"1, 2, 3, 5, 6","open, short, mousebite, copper, pin-hole"
DeepPCB,valid,01_PCB__1422.jpg,5,"1, 2, 4, 5, 6","open, short, spur, copper, pin-hole"
DeepPCB,valid,01_PCB__1434.jpg,5,"1, 3, 5, 6","open, mousebite, pin-hole, copper"
DeepPCB,valid,01_PCB__1437.jpg,9,"1, 2, 3, 4, 5, 6","open, short, mousebite, copper, pin-hole, spur"
DeepPCB,valid,01_PCB__144.jpg,7,"1, 3, 4, 5, 6","open, mousebite, spur, copper, pin-hole"
DeepPCB,valid,01_PCB__1442.jpg,5,"1, 2, 3, 5, 6","open, short, mousebite, copper, pin-hole"
DeepPCB,valid,01_PCB__1446.jpg,5,"1, 3, 4, 5, 6","open, mousebite, spur, copper, pin-hole"
DeepPCB,valid,01_PCB__1455.jpg,7,"1, 3, 4, 5, 6","open, copper, pin-hole, mousebite, spur"
DeepPCB,valid,01_PCB__1457.jpg,6,"1, 2, 3, 5, 6","open, short, mousebite, copper, pin-hole"
DeepPCB,valid,01_PCB__1459.jpg,5,"1, 2, 3, 4, 6","open, short, spur, mousebite, pin-hole"
DeepPCB,valid,01_PCB__1484.jpg,4,"1, 2, 4","open, short, spur"
DeepPCB,valid,01_PCB__1488.jpg,6,"1, 2, 5, 6","open, short, pin-hole, copper"
DeepPCB,valid,01_PCB__161.jpg,9,"1, 2, 3, 4, 5, 6","open, short, spur, mousebite, copper, pin-hole"
DeepPCB,valid,01_PCB__174.jpg,6,"1, 2, 4, 5, 6","open, short, spur, copper, pin-hole"
DeepPCB,valid,01_PCB__19.jpg,7,"1, 2, 3, 4, 5, 6","open, short, mousebite, spur, copper, pin-hole"
DeepPCB,valid,01_PCB__195.jpg,4,"1, 3, 5","open, mousebite, copper"
DeepPCB,valid,01_PCB__199.jpg,4,"1, 3, 5, 6","open, mousebite, copper, pin-hole"
DeepPCB,valid,01_PCB__214.jpg,5,"1, 2, 4, 5, 6","open, short, spur, pin-hole, copper"
DeepPCB,valid,01_PCB__222.jpg,9,"1, 2, 3, 4, 5, 6","open, short, spur, pin-hole, copper, mousebite"
DeepPCB,valid,01_PCB__245.jpg,6,"1, 3, 4, 5, 6","open, mousebite, spur, pin-hole, copper"
DeepPCB,valid,01_PCB__257.jpg,7,"1, 2, 3, 4, 5, 6","open, short, mousebite, spur, pin-hole, copper"
DeepPCB,valid,01_PCB__271.jpg,7,"1, 2, 3, 4, 5, 6","short, open, pin-hole, spur, copper, mousebite"
DeepPCB,valid,01_PCB__273.jpg,5,"1, 2, 3, 4, 6","open, short, spur, pin-hole, mousebite"
DeepPCB,valid,01_PCB__300.jpg,5,"1, 2, 3, 4, 5","open, short, mousebite, spur, copper"
DeepPCB,valid,01_PCB__317.jpg,7,"1, 2, 3, 5, 6","open, short, mousebite, copper, pin-hole"
DeepPCB,valid,01_PCB__336.jpg,5,"1, 3, 4","open, mousebite, spur"
DeepPCB,valid,01_PCB__337.jpg,5,"1, 3, 4, 5, 6","open, mousebite, spur, pin-hole, copper"
DeepPCB,valid,01_PCB__347.jpg,6,"1, 2, 3, 5, 6","open, short, mousebite, copper, pin-hole"
DeepPCB,valid,01_PCB__368.jpg,7,"1, 2, 5, 6","open, short, copper, pin-hole"
DeepPCB,valid,01_PCB__390.jpg,5,"1, 3, 4, 5, 6","mousebite, spur, open, copper, pin-hole"
DeepPCB,valid,01_PCB__398.jpg,5,"1, 2, 5, 6","open, short, copper, pin-hole"
DeepPCB,valid,01_PCB__399.jpg,3,"1, 2, 5","open, short, copper"
DeepPCB,valid,01_PCB__405.jpg,6,"1, 2, 3, 5, 6","open, short, mousebite, copper, pin-hole"
DeepPCB,valid,01_PCB__428.jpg,6,"1, 2, 3, 5, 6","open, short, mousebite, copper, pin-hole"
DeepPCB,valid,01_PCB__429.jpg,5,"1, 2, 3, 5, 6","open, short, mousebite, pin-hole, copper"
DeepPCB,valid,01_PCB__442.jpg,7,"1, 2, 3, 4, 5, 6","open, short, mousebite, spur, copper, pin-hole"
DeepPCB,valid,01_PCB__45.jpg,8,"1, 2, 3, 4, 5, 6","open, short, mousebite, spur, pin-hole, copper"
DeepPCB,valid,01_PCB__456.jpg,5,"1, 2, 3, 5, 6","open, short, copper, pin-hole, mousebite"
DeepPCB,valid,01_PCB__465.jpg,5,"1, 2, 3, 4","open, short, mousebite, spur"
DeepPCB,valid,01_PCB__475.jpg,5,"1, 3, 4, 5, 6","open, mousebite, pin-hole, copper, spur"
DeepPCB,valid,01_PCB__480.jpg,7,"1, 3, 4, 5, 6","copper, open, mousebite, spur, pin-hole"
DeepPCB,valid,01_PCB__485.jpg,8,"1, 2, 3, 4, 5, 6","open, short, mousebite, spur, copper, pin-hole"
DeepPCB,valid,01_PCB__487.jpg,7,"1, 2, 3, 4, 5, 6","open, short, mousebite, spur, copper, pin-hole"
DeepPCB,valid,01_PCB__500.jpg,12,"1, 2, 3, 5, 6","open, short, mousebite, copper, pin-hole"
DeepPCB,valid,01_PCB__509.jpg,12,"1, 2, 3, 4, 5, 6","open, short, mousebite, spur, copper, pin-hole"
DeepPCB,valid,01_PCB__52.jpg,7,"1, 2, 3, 5, 6","open, mousebite, short, copper, pin-hole"
DeepPCB,valid,01_PCB__524.jpg,9,"1, 2, 3, 4, 5, 6","open, short, spur, pin-hole, copper, mousebite"
DeepPCB,valid,01_PCB__535.jpg,5,"1, 2, 4, 5, 6","open, short, spur, copper, pin-hole"
DeepPCB,valid,01_PCB__543.jpg,10,"1, 2, 3, 4, 6","open, mousebite, pin-hole, spur, short"
DeepPCB,valid,01_PCB__544.jpg,8,"1, 2, 3, 4, 5, 6","open, short, spur, copper, pin-hole, mousebite"
DeepPCB,valid,01_PCB__545.jpg,7,"1, 2, 3, 4, 5, 6","open, short, mousebite, spur, copper, pin-hole"
DeepPCB,valid,01_PCB__549.jpg,7,"1, 2, 3, 4, 5, 6","open, short, mousebite, spur, pin-hole, copper"
DeepPCB,valid,01_PCB__571.jpg,8,"1, 3, 4, 5, 6","open, mousebite, copper, pin-hole, spur"
DeepPCB,valid,01_PCB__584.jpg,7,"1, 2, 3, 4, 5, 6","open, short, mousebite, copper, pin-hole, spur"
DeepPCB,valid,01_PCB__596.jpg,5,"2, 3, 5, 6","short, mousebite, copper, pin-hole"
DeepPCB,valid,01_PCB__601.jpg,5,"1, 2, 3, 4, 6","open, short, mousebite, spur, pin-hole"
DeepPCB,valid,01_PCB__620.jpg,7,"1, 2, 3, 4, 5, 6","open, short, spur, mousebite, pin-hole, copper"
DeepPCB,valid,01_PCB__626.jpg,4,"4, 6","pin-hole, spur"
DeepPCB,valid,01_PCB__63.jpg,7,"1, 3, 5, 6","open, mousebite, copper, pin-hole"
DeepPCB,valid,01_PCB__642.jpg,5,"1, 2, 3, 4","open, short, mousebite, spur"
DeepPCB,valid,01_PCB__645.jpg,6,"3, 4, 5, 6","mousebite, spur, pin-hole, copper"
DeepPCB,valid,01_PCB__648.jpg,4,"3, 4, 6","mousebite, spur, pin-hole"
DeepPCB,valid,01_PCB__661.jpg,7,"1, 3, 4, 5, 6","open, mousebite, copper, pin-hole, spur"
DeepPCB,valid,01_PCB__663.jpg,7,"1, 3, 4, 5, 6","open, mousebite, copper, pin-hole, spur"
DeepPCB,valid,01_PCB__67.jpg,7,"1, 2, 4, 5, 6","open, short, spur, copper, pin-hole"
DeepPCB,valid,01_PCB__673.jpg,4,"1, 3, 4, 6","open, mousebite, spur, pin-hole"
DeepPCB,valid,01_PCB__700.jpg,7,"3, 4, 5, 6","mousebite, spur, copper, pin-hole"
DeepPCB,valid,01_PCB__710.jpg,6,"1, 2, 3, 4, 5, 6","open, short, mousebite, spur, copper, pin-hole"
DeepPCB,valid,01_PCB__716.jpg,8,"1, 2, 3, 4, 5, 6","open, short, mousebite, spur, copper, pin-hole"
DeepPCB,valid,01_PCB__732.jpg,7,"1, 2, 4, 5, 6","open, short, spur, copper, pin-hole"
DeepPCB,valid,01_PCB__733.jpg,5,"1, 2, 3, 4, 6","open, short, mousebite, spur, pin-hole"
DeepPCB,valid,01_PCB__752.jpg,7,"1, 2, 4, 5","open, short, spur, copper"
DeepPCB,valid,01_PCB__767.jpg,9,"1, 2, 3, 4, 5, 6","open, short, mousebite, copper, pin-hole, spur"
DeepPCB,valid,01_PCB__772.jpg,8,"1, 2, 3, 4","open, short, mousebite, spur"
DeepPCB,valid,01_PCB__781.jpg,8,"1, 2, 3, 4, 5","open, short, mousebite, spur, copper"
DeepPCB,valid,01_PCB__785.jpg,9,"1, 2, 3, 4","open, mousebite, short, spur"
DeepPCB,valid,01_PCB__790.jpg,5,"1, 2, 3, 5","open, short, mousebite, copper"
DeepPCB,valid,01_PCB__791.jpg,9,"1, 2, 3, 4, 5, 6","open, short, copper, mousebite, pin-hole, spur"
DeepPCB,valid,01_PCB__799.jpg,10,"1, 2, 3, 4, 5, 6","open, short, mousebite, spur, copper, pin-hole"
DeepPCB,valid,01_PCB__8.jpg,8,"1, 2, 3, 4, 5","open, short, mousebite, spur, copper"
DeepPCB,valid,01_PCB__800.jpg,8,"1, 2, 4, 5","open, short, spur, copper"
DeepPCB,valid,01_PCB__817.jpg,9,"1, 2, 3, 4, 5, 6","open, short, mousebite, spur, copper, pin-hole"
DeepPCB,valid,01_PCB__826.jpg,8,"1, 2, 3, 4, 5, 6","open, short, mousebite, copper, pin-hole, spur"
DeepPCB,valid,01_PCB__83.jpg,7,"1, 2, 3, 4, 6","open, short, mousebite, pin-hole, spur"
DeepPCB,valid,01_PCB__853.jpg,4,"3, 4, 5, 6","mousebite, spur, copper, pin-hole"
DeepPCB,valid,01_PCB__876.jpg,8,"1, 2, 3, 4, 5, 6","open, mousebite, spur, copper, pin-hole, short"
DeepPCB,valid,01_PCB__879.jpg,6,"1, 2, 3, 4, 5, 6","open, short, mousebite, spur, pin-hole, copper"
DeepPCB,valid,01_PCB__887.jpg,8,"1, 2, 3, 4, 5, 6","open, short, mousebite, spur, copper, pin-hole"
DeepPCB,valid,01_PCB__895.jpg,8,"2, 3, 4, 5, 6","mousebite, short, spur, copper, pin-hole"
DeepPCB,valid,01_PCB__902.jpg,9,"1, 2, 3, 4, 5, 6","open, short, mousebite, spur, copper, pin-hole"
DeepPCB,valid,01_PCB__906.jpg,9,"1, 2, 3, 4, 5, 6","open, short, mousebite, spur, copper, pin-hole"
DeepPCB,valid,01_PCB__921.jpg,13,"1, 2, 3, 4, 5, 6","open, short, mousebite, spur, copper, pin-hole"
DeepPCB,valid,01_PCB__922.jpg,10,"1, 2, 3, 4, 5, 6","open, short, mousebite, spur, copper, pin-hole"
DeepPCB,valid,01_PCB__924.jpg,10,"1, 2, 3, 4, 5, 6","open, short, mousebite, copper, spur, pin-hole"
DeepPCB,valid,01_PCB__95.jpg,8,"1, 2, 3, 4, 5, 6","open, short, spur, pin-hole, copper, mousebite"
DeepPCB,valid,01_PCB__952.jpg,9,"1, 2, 3, 4, 5, 6","open, short, mousebite, spur, pin-hole, copper"
DeepPCB,valid,01_PCB__959.jpg,9,"1, 2, 3, 4, 5","open, short, spur, mousebite, copper"
DeepPCB,valid,01_PCB__966.jpg,8,"2, 3, 4, 5, 6","mousebite, short, copper, pin-hole, spur"
DeepPCB,valid,01_PCB__973.jpg,9,"1, 2, 3, 4, 5, 6","open, short, mousebite, spur, pin-hole, copper"
DeepPCB,valid,01_PCB__979.jpg,6,"1, 2, 3, 5","open, short, mousebite, copper"
DeepPCB,valid,01_PCB__985.jpg,5,"1, 2, 3, 4, 6","open, short, mousebite, spur, pin-hole"
DeepPCB,valid,01_PCB__998.jpg,7,"1, 2, 3, 4, 5, 6","short, spur, mousebite, open, copper, pin-hole"
PKU,test,01_missing_hole_01_1.jpg,3,0,Missing_hole
PKU,test,01_missing_hole_02_1.jpg,3,0,Missing_hole
PKU,test,01_missing_hole_03_1.jpg,3,0,Missing_hole
PKU,test,01_missing_hole_04_1.jpg,3,0,Missing_hole
PKU,test,01_missing_hole_05_1.jpg,4,0,Missing_hole
PKU,test,01_missing_hole_06_1.jpg,3,0,Missing_hole
PKU,test,01_missing_hole_07_1.jpg,3,0,Missing_hole
PKU,test,01_missing_hole_08_1.jpg,3,0,Missing_hole
PKU,test,01_missing_hole_09_1.jpg,3,0,Missing_hole
PKU,test,01_missing_hole_10_1.jpg,3,0,Missing_hole
PKU,test,01_missing_hole_11_1.jpg,3,0,Missing_hole
PKU,test,01_missing_hole_12_1.jpg,3,0,Missing_hole
PKU,test,01_missing_hole_13_1.jpg,3,0,Missing_hole
PKU,test,01_missing_hole_14_1.jpg,3,0,Missing_hole
PKU,test,01_missing_hole_15_1.jpg,3,0,Missing_hole
PKU,test,01_missing_hole_16_1.jpg,3,0,Missing_hole
PKU,test,01_missing_hole_17_1.jpg,3,0,Missing_hole
PKU,test,01_missing_hole_18_1.jpg,3,0,Missing_hole
PKU,test,01_missing_hole_19_1.jpg,3,0,Missing_hole
PKU,test,01_missing_hole_20_1.jpg,3,0,Missing_hole
PKU,test,01_mouse_bite_01_1.jpg,3,1,Mouse_bite
PKU,test,01_mouse_bite_02_1.jpg,3,1,Mouse_bite
PKU,test,01_mouse_bite_03_1.jpg,3,1,Mouse_bite
PKU,test,01_mouse_bite_04_1.jpg,3,1,Mouse_bite
PKU,test,01_mouse_bite_06_1.jpg,3,1,Mouse_bite
PKU,test,01_mouse_bite_07_1.jpg,3,1,Mouse_bite
PKU,test,01_mouse_bite_08_1.jpg,2,1,Mouse_bite
PKU,test,01_mouse_bite_09_1.jpg,3,1,Mouse_bite
PKU,test,01_mouse_bite_10_1.jpg,2,1,Mouse_bite
PKU,test,01_mouse_bite_12_1.jpg,3,1,Mouse_bite
PKU,test,01_mouse_bite_13_1.jpg,3,1,Mouse_bite
PKU,test,01_mouse_bite_15_1.jpg,2,1,Mouse_bite
PKU,test,01_mouse_bite_16_1.jpg,3,1,Mouse_bite
PKU,test,01_mouse_bite_18_1.jpg,1,1,Mouse_bite
PKU,test,01_open_circuit_04_1.jpg,3,2,Open_circuit
PKU,test,01_open_circuit_05_1.jpg,3,2,Open_circuit
PKU,test,01_open_circuit_06_1.jpg,3,2,Open_circuit
PKU,test,01_open_circuit_08_1.jpg,3,2,Open_circuit
PKU,test,01_open_circuit_10_1.jpg,3,2,Open_circuit
PKU,test,01_open_circuit_15_1.jpg,3,2,Open_circuit
PKU,test,01_open_circuit_18_1.jpg,3,2,Open_circuit
PKU,test,01_open_circuit_20_1.jpg,3,2,Open_circuit
PKU,test,01_short_02_1.jpg,3,3,Short
PKU,test,01_short_04_1.jpg,3,3,Short
PKU,test,01_short_06_1.jpg,3,3,Short
PKU,test,01_short_09_1.jpg,6,3,Short
PKU,test,01_short_11_1.jpg,4,3,Short
PKU,test,01_short_18_1.jpg,4,3,Short
PKU,test,01_short_20_1.jpg,4,3,Short
PKU,test,01_spur_02_1.jpg,3,4,Spur
PKU,test,01_spur_03_1.jpg,3,4,Spur
PKU,test,01_spur_12_1.jpg,2,4,Spur
PKU,test,01_spur_18_1.jpg,2,4,Spur
PKU,train,08_short_01_1.jpg,5,3,Short
PKU,train,09_mouse_bite_03_1.jpg,5,1,Mouse_bite
PKU,train,09_mouse_bite_03_3.jpg,5,1,Mouse_bite
PKU,train,09_mouse_bite_04.jpg,5,1,Mouse_bite
PKU,train,09_mouse_bite_04_3.jpg,5,1,Mouse_bite
PKU,train,09_mouse_bite_06_3.jpg,5,1,Mouse_bite
PKU,train,09_mouse_bite_07.jpg,5,1,Mouse_bite
PKU,train,09_mouse_bite_09_2.jpg,5,1,Mouse_bite
PKU,train,09_mouse_bite_10_1.jpg,5,1,Mouse_bite
PKU,train,09_open_circuit_01.jpg,5,2,Open_circuit
PKU,train,09_open_circuit_01_1.jpg,5,2,Open_circuit
PKU,train,09_open_circuit_02_2.jpg,6,2,Open_circuit
PKU,train,09_open_circuit_02_3.jpg,6,2,Open_circuit
PKU,train,09_open_circuit_04_1.jpg,5,2,Open_circuit
PKU,train,09_open_circuit_04_3.jpg,5,2,Open_circuit
PKU,train,09_open_circuit_05_3.jpg,5,2,Open_circuit
PKU,train,09_open_circuit_06_2.jpg,5,2,Open_circuit
PKU,train,09_open_circuit_07_2.jpg,5,2,Open_circuit
PKU,train,09_open_circuit_08_1.jpg,5,2,Open_circuit
PKU,train,09_open_circuit_08_2.jpg,5,2,Open_circuit
PKU,train,09_open_circuit_08_3.jpg,5,2,Open_circuit
PKU,train,09_open_circuit_09_2.jpg,5,2,Open_circuit
PKU,train,09_open_circuit_09_3.jpg,5,2,Open_circuit
PKU,train,09_open_circuit_10_1.jpg,5,2,Open_circuit
PKU,train,09_open_circuit_10_3.jpg,5,2,Open_circuit
PKU,train,09_short_01.jpg,5,3,Short
PKU,train,09_short_01_1.jpg,5,3,Short
PKU,train,09_short_01_2.jpg,5,3,Short
PKU,train,09_short_02.jpg,5,3,Short
PKU,train,09_short_02_2.jpg,5,3,Short
PKU,train,09_short_02_3.jpg,5,3,Short
PKU,train,09_short_03_3.jpg,5,3,Short
PKU,train,09_short_04.jpg,5,3,Short
PKU,train,09_short_04_1.jpg,5,3,Short
PKU,train,09_short_04_3.jpg,5,3,Short
PKU,train,09_short_05_1.jpg,5,3,Short
PKU,train,09_short_05_2.jpg,5,3,Short
PKU,train,09_short_06_1.jpg,5,3,Short
PKU,train,09_short_06_3.jpg,5,3,Short
PKU,train,09_short_07.jpg,5,3,Short
PKU,train,09_short_07_2.jpg,5,3,Short
PKU,train,09_short_09.jpg,5,3,Short
PKU,train,09_short_09_1.jpg,5,3,Short
PKU,train,09_short_09_3.jpg,5,3,Short
PKU,train,09_short_10_1.jpg,5,3,Short
PKU,train,09_short_10_2.jpg,5,3,Short
PKU,train,09_short_10_3.jpg,5,3,Short
PKU,train,09_spur_01.jpg,5,4,Spur
PKU,train,09_spur_01_1.jpg,5,4,Spur
PKU,train,09_spur_02.jpg,5,4,Spur
PKU,train,09_spur_02_1.jpg,5,4,Spur
PKU,train,09_spur_03.jpg,5,4,Spur
PKU,train,09_spur_03_1.jpg,5,4,Spur
PKU,train,09_spur_03_2.jpg,5,4,Spur
PKU,train,09_spur_04_2.jpg,5,4,Spur
PKU,train,09_spur_05.jpg,5,4,Spur
PKU,train,09_spur_05_1.jpg,5,4,Spur
PKU,train,09_spur_06.jpg,5,4,Spur
PKU,train,09_spur_06_2.jpg,5,4,Spur
PKU,train,09_spur_07.jpg,5,4,Spur
PKU,train,09_spur_07_1.jpg,5,4,Spur
PKU,train,09_spur_07_2.jpg,5,4,Spur
PKU,train,09_spur_08.jpg,5,4,Spur
PKU,train,09_spur_08_2.jpg,5,4,Spur
PKU,train,09_spur_08_3.jpg,5,4,Spur
PKU,train,09_spur_09_3.jpg,5,4,Spur
PKU,train,09_spur_10_2.jpg,5,4,Spur
PKU,train,09_spurious_copper_01_1.jpg,5,5,Spurious_copper
PKU,train,09_spurious_copper_02.jpg,5,5,Spurious_copper
PKU,train,09_spurious_copper_02_1.jpg,5,5,Spurious_copper
PKU,train,09_spurious_copper_02_3.jpg,5,5,Spurious_copper
PKU,train,09_spurious_copper_03.jpg,5,5,Spurious_copper
PKU,train,09_spurious_copper_03_1.jpg,5,5,Spurious_copper
PKU,train,09_spurious_copper_03_2.jpg,5,5,Spurious_copper
PKU,train,09_spurious_copper_04.jpg,5,5,Spurious_copper
PKU,train,09_spurious_copper_04_1.jpg,5,5,Spurious_copper
PKU,train,09_spurious_copper_04_2.jpg,5,5,Spurious_copper
PKU,train,09_spurious_copper_04_3.jpg,5,5,Spurious_copper
PKU,train,09_spurious_copper_05_2.jpg,5,5,Spurious_copper
PKU,train,09_spurious_copper_05_3.jpg,5,5,Spurious_copper
PKU,train,09_spurious_copper_06_3.jpg,6,5,Spurious_copper
PKU,train,09_spurious_copper_07_1.jpg,5,5,Spurious_copper
PKU,train,09_spurious_copper_07_3.jpg,5,5,Spurious_copper
PKU,train,09_spurious_copper_08_1.jpg,5,5,Spurious_copper
PKU,train,09_spurious_copper_09.jpg,5,5,Spurious_copper
PKU,train,09_spurious_copper_10_1.jpg,5,5,Spurious_copper
PKU,train,10_missing_hole_01.jpg,5,0,Missing_hole
PKU,train,10_missing_hole_01_2.jpg,5,0,Missing_hole
PKU,train,10_missing_hole_02_2.jpg,5,0,Missing_hole
PKU,train,10_missing_hole_03_1.jpg,5,0,Missing_hole
PKU,train,10_missing_hole_04_1.jpg,5,0,Missing_hole
PKU,train,10_missing_hole_05.jpg,5,0,Missing_hole
PKU,train,10_missing_hole_05_1.jpg,5,0,Missing_hole
PKU,train,10_missing_hole_05_3.jpg,5,0,Missing_hole
PKU,train,10_mouse_bite_02.jpg,6,1,Mouse_bite
PKU,train,10_mouse_bite_02_2.jpg,6,1,Mouse_bite
PKU,train,10_mouse_bite_02_3.jpg,6,1,Mouse_bite
PKU,train,10_mouse_bite_03_1.jpg,5,1,Mouse_bite
PKU,train,10_mouse_bite_03_3.jpg,5,1,Mouse_bite
PKU,train,10_mouse_bite_05.jpg,5,1,Mouse_bite
PKU,train,10_mouse_bite_05_1.jpg,5,1,Mouse_bite
PKU,train,10_mouse_bite_05_2.jpg,5,1,Mouse_bite
PKU,train,10_open_circuit_01.jpg,5,2,Open_circuit
PKU,train,10_open_circuit_01_1.jpg,5,2,Open_circuit
PKU,train,10_open_circuit_01_2.jpg,5,2,Open_circuit
PKU,train,10_open_circuit_02_1.jpg,5,2,Open_circuit
PKU,train,10_open_circuit_02_3.jpg,5,2,Open_circuit
PKU,train,10_open_circuit_03.jpg,5,2,Open_circuit
PKU,train,10_open_circuit_03_1.jpg,5,2,Open_circuit
PKU,train,10_open_circuit_04_2.jpg,5,2,Open_circuit
PKU,train,10_open_circuit_05.jpg,5,2,Open_circuit
PKU,train,10_open_circuit_05_2.jpg,5,2,Open_circuit
PKU,train,10_open_circuit_06_1.jpg,5,2,Open_circuit
PKU,train,10_open_circuit_06_2.jpg,5,2,Open_circuit
PKU,train,10_open_circuit_06_3.jpg,5,2,Open_circuit
PKU,train,10_short_01_1.jpg,5,3,Short
PKU,train,10_short_01_2.jpg,5,3,Short
PKU,train,10_short_01_3.jpg,5,3,Short
PKU,train,10_short_02.jpg,5,3,Short
PKU,train,10_short_02_3.jpg,5,3,Short
PKU,train,10_short_03_3.jpg,5,3,Short
PKU,train,10_short_05_1.jpg,5,3,Short
PKU,train,10_spur_01_1.jpg,5,4,Spur
PKU,train,10_spur_02_2.jpg,5,4,Spur
PKU,train,10_spur_05.jpg,5,4,Spur
PKU,train,10_spur_05_2.jpg,5,4,Spur
PKU,train,10_spur_05_3.jpg,5,4,Spur
PKU,train,10_spurious_copper_02_1.jpg,5,5,Spurious_copper
PKU,train,10_spurious_copper_03_1.jpg,5,5,Spurious_copper
PKU,train,10_spurious_copper_04.jpg,5,5,Spurious_copper
PKU,train,10_spurious_copper_04_1.jpg,5,5,Spurious_copper
PKU,train,10_spurious_copper_04_2.jpg,5,5,Spurious_copper
PKU,train,10_spurious_copper_05.jpg,6,5,Spurious_copper
PKU,train,10_spurious_copper_05_2.jpg,6,5,Spurious_copper
PKU,train,10_spurious_copper_06_1.jpg,5,5,Spurious_copper
PKU,train,10_spurious_copper_06_2.jpg,5,5,Spurious_copper
PKU,train,11_missing_hole_01_2.jpg,5,0,Missing_hole
PKU,train,11_missing_hole_01_3.jpg,5,0,Missing_hole
PKU,train,11_missing_hole_02_3.jpg,5,0,Missing_hole
PKU,train,11_missing_hole_03_2.jpg,5,0,Missing_hole
PKU,train,11_missing_hole_03_3.jpg,5,0,Missing_hole
PKU,train,11_missing_hole_04.jpg,5,0,Missing_hole
PKU,train,11_missing_hole_04_2.jpg,5,0,Missing_hole
PKU,train,11_missing_hole_04_3.jpg,5,0,Missing_hole
PKU,train,11_missing_hole_05.jpg,5,0,Missing_hole
PKU,train,11_missing_hole_05_1.jpg,5,0,Missing_hole
PKU,train,11_missing_hole_06_1.jpg,5,0,Missing_hole
PKU,train,11_missing_hole_06_3.jpg,5,0,Missing_hole
PKU,train,11_missing_hole_07.jpg,5,0,Missing_hole
PKU,train,11_missing_hole_07_1.jpg,5,0,Missing_hole
PKU,train,11_missing_hole_08.jpg,5,0,Missing_hole
PKU,train,11_missing_hole_08_3.jpg,5,0,Missing_hole
PKU,train,11_missing_hole_09.jpg,5,0,Missing_hole
PKU,train,11_missing_hole_09_1.jpg,5,0,Missing_hole
PKU,train,11_missing_hole_09_3.jpg,5,0,Missing_hole
PKU,train,11_missing_hole_10_1.jpg,5,0,Missing_hole
PKU,train,11_missing_hole_10_2.jpg,5,0,Missing_hole
PKU,train,11_missing_hole_10_3.jpg,5,0,Missing_hole
PKU,train,11_mouse_bite_01_1.jpg,5,1,Mouse_bite
PKU,train,11_mouse_bite_01_2.jpg,5,1,Mouse_bite
PKU,train,11_mouse_bite_03.jpg,5,1,Mouse_bite
PKU,train,11_mouse_bite_03_2.jpg,5,1,Mouse_bite
PKU,train,11_mouse_bite_03_3.jpg,5,1,Mouse_bite
PKU,train,11_mouse_bite_04.jpg,5,1,Mouse_bite
PKU,train,11_mouse_bite_04_3.jpg,5,1,Mouse_bite
PKU,train,11_mouse_bite_05.jpg,5,1,Mouse_bite
PKU,train,11_mouse_bite_05_2.jpg,5,1,Mouse_bite
PKU,train,11_mouse_bite_05_3.jpg,5,1,Mouse_bite
PKU,train,11_mouse_bite_06_2.jpg,5,1,Mouse_bite
PKU,train,11_mouse_bite_08.jpg,5,1,Mouse_bite
PKU,train,11_mouse_bite_08_2.jpg,5,1,Mouse_bite
PKU,train,11_mouse_bite_09.jpg,5,1,Mouse_bite
PKU,train,11_mouse_bite_09_1.jpg,5,1,Mouse_bite
PKU,train,11_mouse_bite_10_1.jpg,5,1,Mouse_bite
PKU,train,11_mouse_bite_10_2.jpg,5,1,Mouse_bite
PKU,train,11_mouse_bite_10_3.jpg,5,1,Mouse_bite
PKU,train,11_open_circuit_01.jpg,5,2,Open_circuit
PKU,train,11_open_circuit_01_1.jpg,5,2,Open_circuit
PKU,train,11_open_circuit_01_3.jpg,5,2,Open_circuit
PKU,train,11_open_circuit_02_3.jpg,6,2,Open_circuit
PKU,train,11_open_circuit_03.jpg,5,2,Open_circuit
PKU,train,11_open_circuit_03_1.jpg,5,2,Open_circuit
PKU,train,11_open_circuit_04.jpg,5,2,Open_circuit
PKU,train,11_open_circuit_04_1.jpg,5,2,Open_circuit
PKU,train,11_open_circuit_05_2.jpg,5,2,Open_circuit
PKU,train,11_open_circuit_06_2.jpg,5,2,Open_circuit
PKU,train,11_open_circuit_06_3.jpg,5,2,Open_circuit
PKU,train,11_open_circuit_07.jpg,5,2,Open_circuit
PKU,train,11_open_circuit_07_2.jpg,5,2,Open_circuit
PKU,train,11_open_circuit_08_1.jpg,5,2,Open_circuit
PKU,train,11_open_circuit_08_2.jpg,5,2,Open_circuit
PKU,train,11_open_circuit_10_1.jpg,5,2,Open_circuit
PKU,train,11_open_circuit_10_2.jpg,5,2,Open_circuit
PKU,train,11_short_01_1.jpg,5,3,Short
PKU,train,11_short_01_2.jpg,5,3,Short
PKU,train,11_short_02.jpg,5,3,Short
PKU,train,11_short_02_2.jpg,5,3,Short
PKU,train,11_short_03_1.jpg,5,3,Short
PKU,train,11_short_03_2.jpg,5,3,Short
PKU,train,11_short_03_3.jpg,5,3,Short
PKU,train,11_short_04_1.jpg,5,3,Short
PKU,train,11_short_04_2.jpg,5,3,Short
PKU,train,11_short_04_3.jpg,5,3,Short
PKU,train,11_short_05_1.jpg,5,3,Short
PKU,train,11_short_05_2.jpg,5,3,Short
PKU,train,11_short_05_3.jpg,5,3,Short
PKU,train,11_short_06_3.jpg,5,3,Short
PKU,train,11_short_07.jpg,5,3,Short
PKU,train,11_short_07_1.jpg,5,3,Short
PKU,train,11_short_07_2.jpg,5,3,Short
PKU,train,11_short_08_1.jpg,5,3,Short
PKU,train,11_short_08_2.jpg,5,3,Short
PKU,train,11_short_09.jpg,5,3,Short
PKU,train,11_short_10.jpg,6,3,Short
PKU,train,11_spur_01.jpg,5,4,Spur
PKU,train,11_spur_01_1.jpg,5,4,Spur
PKU,train,11_spur_01_2.jpg,5,4,Spur
PKU,train,11_spur_02.jpg,5,4,Spur
PKU,train,11_spur_02_3.jpg,5,4,Spur
PKU,train,11_spur_03_3.jpg,5,4,Spur
PKU,train,11_spur_04_1.jpg,5,4,Spur
PKU,train,11_spur_05.jpg,5,4,Spur
PKU,train,11_spur_05_1.jpg,5,4,Spur
PKU,train,11_spur_05_3.jpg,5,4,Spur
PKU,train,11_spur_06_1.jpg,5,4,Spur
PKU,train,11_spur_06_2.jpg,5,4,Spur
PKU,train,11_spur_06_3.jpg,5,4,Spur
PKU,train,11_spur_07.jpg,5,4,Spur
PKU,train,11_spur_09_2.jpg,5,4,Spur
PKU,train,11_spur_10_1.jpg,5,4,Spur
PKU,train,11_spur_10_3.jpg,5,4,Spur
PKU,train,11_spurious_copper_01_1.jpg,5,5,Spurious_copper
PKU,train,11_spurious_copper_01_2.jpg,5,5,Spurious_copper
PKU,train,11_spurious_copper_02.jpg,5,5,Spurious_copper
PKU,train,11_spurious_copper_02_3.jpg,5,5,Spurious_copper
PKU,train,11_spurious_copper_03.jpg,5,5,Spurious_copper
PKU,train,11_spurious_copper_03_1.jpg,5,5,Spurious_copper
PKU,train,11_spurious_copper_04_3.jpg,5,5,Spurious_copper
PKU,train,11_spurious_copper_05_3.jpg,5,5,Spurious_copper
PKU,train,11_spurious_copper_06.jpg,5,5,Spurious_copper
PKU,train,11_spurious_copper_06_2.jpg,5,5,Spurious_copper
PKU,train,11_spurious_copper_07.jpg,5,5,Spurious_copper
PKU,train,11_spurious_copper_07_2.jpg,5,5,Spurious_copper
PKU,train,11_spurious_copper_07_3.jpg,5,5,Spurious_copper
PKU,train,11_spurious_copper_08_1.jpg,5,5,Spurious_copper
PKU,valid,01_missing_hole_03_1.jpg,3,0,Missing_hole
PKU,valid,01_missing_hole_07_1.jpg,3,0,Missing_hole
PKU,valid,01_missing_hole_11_1.jpg,3,0,Missing_hole
PKU,valid,01_missing_hole_14_1.jpg,3,0,Missing_hole
PKU,valid,01_missing_hole_16_1.jpg,3,0,Missing_hole
PKU,valid,01_missing_hole_17_1.jpg,3,0,Missing_hole
PKU,valid,01_missing_hole_20_1.jpg,3,0,Missing_hole
PKU,valid,01_mouse_bite_01_1.jpg,3,1,Mouse_bite
PKU,valid,01_mouse_bite_03_1.jpg,3,1,Mouse_bite
PKU,valid,01_mouse_bite_04_1.jpg,3,1,Mouse_bite
PKU,valid,01_mouse_bite_07_1.jpg,3,1,Mouse_bite
PKU,valid,01_mouse_bite_10_1.jpg,2,1,Mouse_bite
PKU,valid,01_mouse_bite_13_1.jpg,3,1,Mouse_bite
PKU,valid,01_mouse_bite_15_1.jpg,2,1,Mouse_bite
PKU,valid,01_mouse_bite_16_1.jpg,3,1,Mouse_bite
PKU,valid,01_open_circuit_02_1.jpg,3,2,Open_circuit
PKU,valid,01_open_circuit_05_1.jpg,3,2,Open_circuit
PKU,valid,01_open_circuit_07_1.jpg,3,2,Open_circuit
PKU,valid,01_open_circuit_08_1.jpg,3,2,Open_circuit
PKU,valid,01_open_circuit_10_1.jpg,3,2,Open_circuit
PKU,valid,01_open_circuit_11_1.jpg,3,2,Open_circuit
PKU,valid,01_open_circuit_12_1.jpg,3,2,Open_circuit
PKU,valid,01_open_circuit_15_1.jpg,3,2,Open_circuit
PKU,valid,01_open_circuit_16_1.jpg,2,2,Open_circuit
PKU,valid,01_open_circuit_17_1.jpg,3,2,Open_circuit
PKU,valid,01_open_circuit_18_1.jpg,3,2,Open_circuit
PKU,valid,01_open_circuit_19_1.jpg,3,2,Open_circuit
PKU,valid,01_short_01_1.jpg,3,3,Short
PKU,valid,01_short_05_1.jpg,3,3,Short
PKU,valid,01_short_09_1.jpg,6,3,Short
PKU,valid,01_short_10_1.jpg,3,3,Short
PKU,valid,01_short_13_1.jpg,3,3,Short
PKU,valid,01_short_14_1.jpg,4,3,Short
PKU,valid,01_short_15_1.jpg,4,3,Short
PKU,valid,01_short_17_1.jpg,4,3,Short
PKU,valid,01_short_18_1.jpg,4,3,Short
PKU,valid,01_short_19_1.jpg,4,3,Short
PKU,valid,01_spur_01_1.jpg,3,4,Spur
PKU,valid,01_spur_05_1.jpg,3,4,Spur
PKU,valid,01_spur_06_1.jpg,3,4,Spur
PKU,valid,01_spur_09_1.jpg,2,4,Spur
PKU,valid,01_spur_10_1.jpg,3,4,Spur
PKU,valid,01_spur_11_1.jpg,3,4,Spur
PKU,valid,01_spur_12_1.jpg,2,4,Spur
PKU,valid,01_spur_13_1.jpg,2,4,Spur
PKU,valid,01_spur_17_1.jpg,3,4,Spur
PKU,valid,01_spur_18_1.jpg,2,4,Spur
PKU,valid,01_spur_20_1.jpg,2,4,Spur
PKU,valid,01_spurious_copper_02_1.jpg,3,5,Spurious_copper
PKU,valid,01_spurious_copper_05_1.jpg,3,5,Spurious_copper
PKU,valid,01_spurious_copper_10_1.jpg,3,5,Spurious_copper
PKU,valid,01_spurious_copper_11_1.jpg,3,5,Spurious_copper
PKU,valid,01_spurious_copper_12_1.jpg,3,5,Spurious_copper
PKU,valid,01_spurious_copper_13_1.jpg,3,5,Spurious_copper
PKU,valid,01_spurious_copper_14_1.jpg,3,5,Spurious_copper
PKU,valid,04_missing_hole_01_1.jpg,3,0,Missing_hole
PKU,valid,04_missing_hole_05_1.jpg,3,0,Missing_hole
PKU,valid,04_missing_hole_06_1.jpg,3,0,Missing_hole
PKU,valid,04_missing_hole_07_1.jpg,3,0,Missing_hole
PKU,valid,04_missing_hole_08_1.jpg,3,0,Missing_hole
PKU,valid,04_missing_hole_09_1.jpg,3,0,Missing_hole
PKU,valid,04_missing_hole_12_1.jpg,3,0,Missing_hole
PKU,valid,04_missing_hole_13_1.jpg,3,0,Missing_hole
PKU,valid,04_missing_hole_15_1.jpg,3,0,Missing_hole
PKU,valid,04_mouse_bite_01_1.jpg,3,1,Mouse_bite
PKU,valid,04_mouse_bite_03_1.jpg,3,1,Mouse_bite
PKU,valid,04_mouse_bite_08_1.jpg,3,1,Mouse_bite
PKU,valid,04_mouse_bite_09_1.jpg,3,1,Mouse_bite
PKU,valid,04_mouse_bite_10_1.jpg,3,1,Mouse_bite
PKU,valid,04_mouse_bite_11_1.jpg,3,1,Mouse_bite
PKU,valid,04_mouse_bite_12_1.jpg,3,1,Mouse_bite
PKU,valid,04_mouse_bite_16_1.jpg,3,1,Mouse_bite
PKU,valid,04_mouse_bite_17_1.jpg,3,1,Mouse_bite
PKU,valid,04_mouse_bite_18_1.jpg,3,1,Mouse_bite
PKU,valid,04_mouse_bite_19_1.jpg,3,1,Mouse_bite
PKU,valid,04_open_circuit_02_1.jpg,3,2,Open_circuit
PKU,valid,04_open_circuit_08_1.jpg,3,2,Open_circuit
PKU,valid,04_open_circuit_11_1.jpg,3,2,Open_circuit
PKU,valid,04_open_circuit_14_1.jpg,3,2,Open_circuit
PKU,valid,04_open_circuit_16_1.jpg,3,2,Open_circuit
PKU,valid,04_open_circuit_18_1.jpg,2,2,Open_circuit
PKU,valid,04_open_circuit_20_1.jpg,3,2,Open_circuit
PKU,valid,04_short_01_1.jpg,3,3,Short
PKU,valid,04_short_06_1.jpg,3,3,Short
PKU,valid,04_short_07_1.jpg,3,3,Short
PKU,valid,04_short_11_1.jpg,3,3,Short
PKU,valid,04_short_14_1.jpg,3,3,Short
PKU,valid,04_short_15_1.jpg,3,3,Short
PKU,valid,04_short_17_1.jpg,3,3,Short
PKU,valid,04_short_18_1.jpg,3,3,Short
PKU,valid,04_spur_01_1.jpg,3,4,Spur
PKU,valid,04_spur_02_1.jpg,3,4,Spur
PKU,valid,04_spur_03_1.jpg,3,4,Spur
PKU,valid,04_spur_05_1.jpg,3,4,Spur
PKU,valid,04_spur_06_1.jpg,3,4,Spur
PKU,valid,04_spur_07_1.jpg,3,4,Spur
PKU,valid,04_spur_08_1.jpg,3,4,Spur
PKU,valid,04_spur_09_1.jpg,3,4,Spur
PKU,valid,04_spur_11_1.jpg,3,4,Spur
PKU,valid,04_spur_12_1.jpg,3,4,Spur
PKU,valid,04_spur_13_1.jpg,3,4,Spur
PKU,valid,04_spur_14_1.jpg,3,4,Spur
PKU,valid,04_spur_16_1.jpg,3,4,Spur
PKU,valid,04_spur_17_1.jpg,3,4,Spur
PKU,valid,04_spur_18_1.jpg,3,4,Spur
PKU,valid,04_spur_19_1.jpg,3,4,Spur
PKU,valid,04_spur_20_1.jpg,3,4,Spur
PKU,valid,04_spurious_copper_01_1.jpg,3,5,Spurious_copper
PKU,valid,04_spurious_copper_03_1.jpg,3,5,Spurious_copper
PKU,valid,04_spurious_copper_10_1.jpg,3,5,Spurious_copper
PKU,valid,04_spurious_copper_11_1.jpg,3,5,Spurious_copper
PKU,valid,04_spurious_copper_12_1.jpg,3,5,Spurious_copper
PKU,valid,04_spurious_copper_13_1.jpg,3,5,Spurious_copper
PKU,valid,04_spurious_copper_17_1.jpg,3,5,Spurious_copper
PKU,valid,04_spurious_copper_18_1.jpg,3,5,Spurious_copper
PKU,valid,04_spurious_copper_20_1.jpg,3,5,Spurious_copper
PKU,valid,05_missing_hole_02_1.jpg,3,0,Missing_hole
PKU,valid,05_missing_hole_03_1.jpg,5,0,Missing_hole
PKU,valid,05_missing_hole_04_1.jpg,5,0,Missing_hole
PKU,valid,05_missing_hole_07_1.jpg,5,0,Missing_hole
PKU,valid,05_mouse_bite_04_1.jpg,5,1,Mouse_bite
PKU,valid,05_mouse_bite_07_1.jpg,6,1,Mouse_bite
PKU,valid,05_mouse_bite_09_1.jpg,5,1,Mouse_bite
PKU,valid,05_mouse_bite_10_1.jpg,5,1,Mouse_bite
PKU,valid,05_open_circuit_02_1.jpg,3,2,Open_circuit
PKU,valid,05_open_circuit_04_1.jpg,5,2,Open_circuit
PKU,valid,05_open_circuit_06_1.jpg,3,2,Open_circuit
PKU,valid,05_open_circuit_08_1.jpg,3,2,Open_circuit
PKU,valid,05_open_circuit_09_1.jpg,3,2,Open_circuit
PKU,valid,05_short_03_1.jpg,3,3,Short
PKU,valid,05_short_06_1.jpg,3,3,Short
PKU,valid,05_short_09_1.jpg,3,3,Short
PKU,valid,05_short_10_1.jpg,2,3,Short
PKU,valid,05_spur_01_1.jpg,5,4,Spur
PKU,valid,05_spur_02_1.jpg,5,4,Spur
PKU,valid,05_spur_03_1.jpg,5,4,Spur
PKU,valid,05_spur_06_1.jpg,5,4,Spur
PKU,valid,05_spur_08_1.jpg,5,4,Spur
PKU,valid,05_spur_09_1.jpg,5,4,Spur
PKU,valid,05_spur_10_1.jpg,5,4,Spur
PKU,valid,05_spurious_copper_02_1.jpg,5,5,Spurious_copper
PKU,valid,05_spurious_copper_05_1.jpg,5,5,Spurious_copper
PKU,valid,05_spurious_copper_08_1.jpg,5,5,Spurious_copper
PKU,valid,06_missing_hole_02_1.jpg,5,0,Missing_hole
PKU,valid,06_missing_hole_05_1.jpg,5,0,Missing_hole
PKU,valid,06_missing_hole_07_1.jpg,5,0,Missing_hole
PKU,valid,06_missing_hole_10_1.jpg,5,0,Missing_hole
PKU,valid,06_mouse_bite_02_1.jpg,6,1,Mouse_bite
PKU,valid,06_mouse_bite_03_1.jpg,5,1,Mouse_bite
PKU,valid,06_mouse_bite_04_1.jpg,5,1,Mouse_bite
PKU,valid,06_mouse_bite_05_1.jpg,5,1,Mouse_bite
PKU,valid,06_mouse_bite_08_1.jpg,6,1,Mouse_bite
PKU,valid,06_open_circuit_03_1.jpg,5,2,Open_circuit
PKU,valid,06_open_circuit_04_1.jpg,5,2,Open_circuit
PKU,valid,06_open_circuit_05_1.jpg,5,2,Open_circuit
PKU,valid,06_short_03_1.jpg,5,3,Short
PKU,valid,06_short_06_1.jpg,5,3,Short
PKU,valid,06_short_08_1.jpg,5,3,Short
PKU,valid,06_short_10_1.jpg,5,3,Short
PKU,valid,06_short_11_1.jpg,5,3,Short
PKU,valid,06_spur_01_1.jpg,5,4,Spur
PKU,valid,06_spur_02_1.jpg,5,4,Spur
PKU,valid,06_spur_06_1.jpg,5,4,Spur
PKU,valid,06_spur_09_1.jpg,5,4,Spur
PKU,valid,06_spurious_copper_02_1.jpg,5,5,Spurious_copper
PKU,valid,06_spurious_copper_04_1.jpg,5,5,Spurious_copper
PKU,valid,06_spurious_copper_07_1.jpg,5,5,Spurious_copper
PKU,valid,06_spurious_copper_10_1.jpg,5,5,Spurious_copper
PKU,valid,07_open_circuit_01_1.jpg,5,2,Open_circuit
PKU,valid,07_spurious_copper_01_1.jpg,5,5,Spurious_copper
